{
  "utc": "2025-08-18T03:25:46.738359Z",
  "inserted": 622255,
  "rate_rps": 13.841264348728568,
  "max_delay_sec": 0,
  "next_tick": {
    "5m": 1755483124.0708122,
    "15m": 1755483211.9529667,
    "30m": 1755483533.0319006,
    "1h": 1755485130.266774,
    "2h": 1755487124.7270906,
    "4h": 1755487576.7383592,
    "1d": 1755482936.4736075
  }
}